model,mae,r2
mean,0.31469578590205305,0.0
ridge,0.15613484202150282,0.7462290569653856
ridge_red,0.1629556809560038,0.7206739638276844
