model,mae,r2
mean,0.31469578590205305,0.0
ridge,0.15613484202150338,0.7462290569653838
ridge_red,0.1629556809560038,0.7206739638276843
gtbr,0.14915292215294632,0.7597176206684179
svr_rbf,0.14884299325016026,0.7592569513886269
