model,mae,r2
mean,0.314695785902,0.0
gtbr,0.15311135349899999,0.751087436368
ridge,0.153339646582,0.748603066019
ridge_red,0.158491975051,0.728388520979
svr_rbf,0.147116180989,0.763917724491
svr_poly,0.15107996257200001,0.7531303564949999
