model,mae,r2
mean,0.314695785902,0.0
gtbr,0.153111353499,0.751087436368
ridge,0.153339646582,0.748603066019
ridge_red,0.162955680956,0.720673963828
svr_rbf,0.14711618098904625,0.7639177244908759
svr_poly,0.1510799625723449,0.7531303564947642
