model,mae,r2
mean,0.31469578590205305,0.0
ridge,0.15613484202150338,0.7462290569653838
ridge_red,0.1629556809560038,0.7206739638276843
gtbr,0.1504431564503251,0.7635821200172088
