model,mae,r2
mean,0.31469578590205305,0.0
gtbr,0.14915292215294632,0.7597176206684179
ridge,0.1533396465815516,0.748603066018779
ridge_red,0.16295568095600382,0.7206739638276842
svr_rbf,0.14711618098904625,0.7639177244908759
