model,mae,r2
mean,0.314695785902,0.0
gtbr,0.153111353499,0.751087436368
ridge,0.153339646582,0.748603066019
ridge_red,0.162955680956,0.720673963828
svr_rbf,0.147116180989,0.763917724491
svr_poly,0.151079962572,0.753130356495
