model,mae,r2
mean,0.314695785902,0.0
ridge,0.153339646582,0.748603066019
ridge_red,0.15849197505100002,0.7283885209790001
gtbr,0.153403587314,0.750193291896
gtbr_red,0.160294683016,0.735387765064
svr_rbf,0.147116180989,0.763917724491
svr_poly,0.151079962572,0.7531303564949999
